{"info": {"nside": 2, "npix": 48, "data_info": "pixel is a list of information, each element is described by data_shape. Each pixel and vert is described in (theta [-pi/2, pi/2], phi [-pi, pi]) coordinates. The four verts associated with each pixel describe the vertices of the pixel's region.", "data_shape": [["pixel_theta", "pixel_phi"], [["vert1_theta", "vert1_phi"], ["vert2_theta", "vert2_phi"], ["vert3_theta", "vert3_phi"], ["vert4_theta", "vert4_phi"]]]}, "pixels": [[[1.1596584644725487, 0.7853981633974483], [[1.5707963267948966, 0.0], [1.1596584644725487, 0.0], [0.7297276562269664, 0.7853981633974482], [1.1596584644725487, 1.5707963267948966]]], [[1.1596584644725487, 2.356194490192345], [[1.5707963267948966, 0.0], [1.1596584644725487, 1.5707963267948966], [0.7297276562269664, 2.356194490192345], [1.1596584644725487, 3.141592653589793]]], [[1.1596584644725487, -2.356194490192345], [[1.5707963267948966, 0.0], [1.1596584644725487, 3.141592653589793], [0.7297276562269662, -2.3561944901923453], [1.1596584644725487, -1.5707963267948966]]], [[1.1596584644725487, -0.7853981633974483], [[1.5707963267948966, 0.0], [1.1596584644725487, -1.5707963267948966], [0.7297276562269662, -0.7853981633974483], [1.1596584644725487, 0.0]]], [[0.7297276562269662, 0.39269908169872414], [[1.1596584644725487, 0.0], [0.7297276562269662, 0.0], [0.3398369094541218, 0.39269908169872414], [0.7297276562269664, 0.7853981633974482]]], [[0.7297276562269662, 1.1780972450961724], [[1.1596584644725487, 1.5707963267948966], [0.7297276562269664, 0.7853981633974482], [0.3398369094541218, 1.1780972450961724], [0.7297276562269662, 1.5707963267948966]]], [[0.7297276562269662, 1.9634954084936205], [[1.1596584644725487, 1.5707963267948966], [0.7297276562269662, 1.5707963267948966], [0.3398369094541218, 1.9634954084936207], [0.7297276562269664, 2.356194490192345]]], [[0.7297276562269662, 2.748893571891069], [[1.1596584644725487, 3.141592653589793], [0.7297276562269664, 2.356194490192345], [0.3398369094541218, 2.748893571891069], [0.7297276562269662, 3.141592653589793]]], [[0.7297276562269662, -2.7488935718910694], [[1.1596584644725487, 3.141592653589793], [0.7297276562269662, 3.141592653589793], [0.3398369094541218, -2.748893571891069], [0.7297276562269662, -2.3561944901923453]]], [[0.7297276562269662, -1.9634954084936211], [[1.1596584644725487, -1.5707963267948966], [0.7297276562269662, -2.3561944901923453], [0.3398369094541218, -1.9634954084936211], [0.7297276562269662, -1.5707963267948966]]], [[0.7297276562269662, -1.178097245096172], [[1.1596584644725487, -1.5707963267948966], [0.7297276562269662, -1.5707963267948966], [0.3398369094541218, -1.178097245096172], [0.7297276562269662, -0.7853981633974483]]], [[0.7297276562269662, -0.39269908169872547], [[1.1596584644725487, 0.0], [0.7297276562269662, -0.7853981633974483], [0.3398369094541218, -0.3926990816987246], [0.7297276562269662, 0.0]]], [[0.3398369094541218, 0.0], [[0.7297276562269662, 0.0], [0.3398369094541218, -0.3926990816987246], [0.0, 0.0], [0.3398369094541218, 0.39269908169872414]]], [[0.3398369094541218, 0.7853981633974483], [[0.7297276562269664, 0.7853981633974482], [0.3398369094541218, 0.39269908169872414], [0.0, 0.7853981633974483], [0.3398369094541218, 1.1780972450961724]]], [[0.3398369094541218, 1.5707963267948966], [[0.7297276562269662, 1.5707963267948966], [0.3398369094541218, 1.1780972450961724], [0.0, 1.5707963267948966], [0.3398369094541218, 1.9634954084936207]]], [[0.3398369094541218, 2.356194490192345], [[0.7297276562269664, 2.356194490192345], [0.3398369094541218, 1.9634954084936207], [0.0, 2.356194490192345], [0.3398369094541218, 2.748893571891069]]], [[0.3398369094541218, 3.141592653589793], [[0.7297276562269662, 3.141592653589793], [0.3398369094541218, 2.748893571891069], [0.0, 3.141592653589793], [0.3398369094541218, -2.748893571891069]]], [[0.3398369094541218, -2.3561944901923453], [[0.7297276562269662, -2.3561944901923453], [0.3398369094541218, -2.748893571891069], [0.0, -2.3561944901923453], [0.3398369094541218, -1.9634954084936211]]], [[0.3398369094541218, -1.5707963267948966], [[0.7297276562269662, -1.5707963267948966], [0.3398369094541218, -1.9634954084936211], [0.0, -1.5707963267948966], [0.3398369094541218, -1.178097245096172]]], [[0.3398369094541218, -0.7853981633974483], [[0.7297276562269662, -0.7853981633974483], [0.3398369094541218, -1.178097245096172], [0.0, -0.7853981633974483], [0.3398369094541218, -0.3926990816987246]]], [[0.0, 0.39269908169872414], [[0.3398369094541218, 0.39269908169872414], [0.0, 0.0], [-0.33983690945412204, 0.39269908169872414], [0.0, 0.7853981633974483]]], [[0.0, 1.1780972450961724], [[0.3398369094541218, 1.1780972450961724], [0.0, 0.7853981633974483], [-0.33983690945412204, 1.1780972450961724], [0.0, 1.5707963267948966]]], [[0.0, 1.9634954084936205], [[0.3398369094541218, 1.9634954084936207], [0.0, 1.5707963267948966], [-0.33983690945412204, 1.9634954084936207], [0.0, 2.356194490192345]]], [[0.0, 2.748893571891069], [[0.3398369094541218, 2.748893571891069], [0.0, 2.356194490192345], [-0.33983690945412204, 2.748893571891069], [0.0, 3.141592653589793]]], [[0.0, -2.7488935718910694], [[0.3398369094541218, -2.748893571891069], [0.0, 3.141592653589793], [-0.33983690945412204, -2.748893571891069], [0.0, -2.3561944901923453]]], [[0.0, -1.9634954084936211], [[0.3398369094541218, -1.9634954084936211], [0.0, -2.3561944901923453], [-0.33983690945412204, -1.9634954084936211], [0.0, -1.5707963267948966]]], [[0.0, -1.178097245096172], [[0.3398369094541218, -1.178097245096172], [0.0, -1.5707963267948966], [-0.33983690945412204, -1.178097245096172], [0.0, -0.7853981633974483]]], [[0.0, -0.39269908169872547], [[0.3398369094541218, -0.3926990816987246], [0.0, -0.7853981633974483], [-0.33983690945412204, -0.3926990816987246], [0.0, 0.0]]], [[-0.33983690945412204, 0.0], [[0.0, 0.0], [-0.33983690945412204, -0.3926990816987246], [-0.7297276562269666, 0.0], [-0.33983690945412204, 0.39269908169872414]]], [[-0.33983690945412204, 0.7853981633974483], [[0.0, 0.7853981633974483], [-0.33983690945412204, 0.39269908169872414], [-0.7297276562269666, 0.7853981633974482], [-0.33983690945412204, 1.1780972450961724]]], [[-0.33983690945412204, 1.5707963267948966], [[0.0, 1.5707963267948966], [-0.33983690945412204, 1.1780972450961724], [-0.7297276562269666, 1.5707963267948966], [-0.33983690945412204, 1.9634954084936207]]], [[-0.33983690945412204, 2.356194490192345], [[0.0, 2.356194490192345], [-0.33983690945412204, 1.9634954084936207], [-0.7297276562269666, 2.356194490192345], [-0.33983690945412204, 2.748893571891069]]], [[-0.33983690945412204, 3.141592653589793], [[0.0, 3.141592653589793], [-0.33983690945412204, 2.748893571891069], [-0.7297276562269666, 3.141592653589793], [-0.33983690945412204, -2.748893571891069]]], [[-0.33983690945412204, -2.3561944901923453], [[0.0, -2.3561944901923453], [-0.33983690945412204, -2.748893571891069], [-0.7297276562269666, -2.3561944901923453], [-0.33983690945412204, -1.9634954084936211]]], [[-0.33983690945412204, -1.5707963267948966], [[0.0, -1.5707963267948966], [-0.33983690945412204, -1.9634954084936211], [-0.7297276562269666, -1.5707963267948966], [-0.33983690945412204, -1.178097245096172]]], [[-0.33983690945412204, -0.7853981633974483], [[0.0, -0.7853981633974483], [-0.33983690945412204, -1.178097245096172], [-0.7297276562269666, -0.7853981633974483], [-0.33983690945412204, -0.3926990816987246]]], [[-0.7297276562269666, 0.39269908169872414], [[-0.33983690945412204, 0.39269908169872414], [-0.7297276562269666, 0.0], [-1.1596584644725487, 0.0], [-0.7297276562269666, 0.7853981633974482]]], [[-0.7297276562269666, 1.1780972450961724], [[-0.33983690945412204, 1.1780972450961724], [-0.7297276562269666, 0.7853981633974482], [-1.1596584644725487, 1.5707963267948966], [-0.7297276562269666, 1.5707963267948966]]], [[-0.7297276562269666, 1.9634954084936205], [[-0.33983690945412204, 1.9634954084936207], [-0.7297276562269666, 1.5707963267948966], [-1.1596584644725487, 