{"info": {"nside": 1, "npix": 12, "data_info": "pixel is a list of information, each element is described by data_shape. Each pixel and vert is described in (theta [-pi/2, pi/2], phi [-pi, pi]) coordinates. The four verts associated with each pixel describe the vertices of the pixel's region.", "data_shape": [["pixel_theta", "pixel_phi"], [["vert1_theta", "vert1_phi"], ["vert2_theta", "vert2_phi"], ["vert3_theta", "vert3_phi"], ["vert4_theta", "vert4_phi"]]]}, "pixels": [[[0.7297276562269662, 0.7853981633974483], [[1.5707963267948966, 0.0], [0.7297276562269662, 0.0], [0.0, 0.7853981633974483], [0.7297276562269662, 1.5707963267948966]]], [[0.7297276562269662, 2.356194490192345], [[1.5707963267948966, 0.0], [0.7297276562269662, 1.5707963267948966], [0.0, 2.356194490192345], [0.7297276562269662, 3.141592653589793]]], [[0.7297276562269662, -2.3561944901923453], [[1.5707963267948966, 0.0], [0.7297276562269662, 3.141592653589793], [0.0, -2.3561944901923453], [0.7297276562269662, -1.5707963267948966]]], [[0.7297276562269662, -0.7853981633974483], [[1.5707963267948966, 0.0], [0.7297276562269662, -1.5707963267948966], [0.0, -0.7853981633974483], [0.7297276562269662, 0.0]]], [[0.0, 0.0], [[0.7297276562269662, 0.0], [0.0, -0.7853981633974483], [-0.7297276562269666, 0.0], [0.0, 0.7853981633974483]]], [[0.0, 1.5707963267948966], [[0.7297276562269662, 1.5707963267948966], [0.0, 0.7853981633974483], [-0.7297276562269666, 1.5707963267948966], [0.0, 2.356194490192345]]], [[0.0, 3.141592653589793], [[0.7297276562269662, 3.141592653589793], [0.0, 2.356194490192345], [-0.7297276562269666, 3.141592653589793], [0.0, -2.3561944901923453]]], [[0.0, -1.5707963267948966], [[0.7297276562269662, -1.5707963267948966], [0.0, -2.3561944901923453], [-0.7297276562269666, -1.5707963267948966], [0.0, -0.7853981633974483]]], [[-0.7297276562269666, 0.7853981633974483], [[0.0, 0.7853981633974483], [-0.7297276562269666, 0.0], [-1.5707963267948966, 0.0], [-0.7297276562269666, 1.5707963267948966]]], [[-0.7297276562269666, 2.356194490192345], [[0.0, 2.356194490192345], [-0.7297276562269666, 1.5707963267948966], [-1.5707963267948966, 0.0], [-0.7297276562269666, 3.141592653589793]]], [[-0.7297276562269666, -2.3561944901923453], [[0.0, -2.3561944901923453], [-0.7297276562269666, 3.141592653589793], [-1.5707963267948966, 0.0], [-0.7297276562269666, -1.5707963267948966]]], [[-0.7297276562269666, -0.7853981633974483], [[0.0, -0.7853981633974483], [-0.7297276562269666, -1.5707963267948966], [-1.5707963267948966, 0.0], [-0.7297276562269666, 0.0]]]]}